{"cameraMode":{"drawMode":0,"name":"Shaded","section":"Shading Mode"},"sceneLighting":true,"audioPlay":false,"sceneViewState":{"m_AlwaysRefresh":false,"showFog":true,"showSkybox":true,"showFlares":true,"showImageEffects":true,"showParticleSystems":true,"showVisualEffectGraphs":true,"m_FxEnabled":true},"in2DMode":false,"pivot":{"x":88.77801513671875,"y":-35.608680725097659,"z":151.69320678710938},"rotation":{"x":-0.30554768443107607,"y":0.23988249897956849,"z":-0.07983894646167755,"w":-0.9179866313934326},"size":384.0511169433594,"orthographic":false}